feature,mean_importance
827,-0.02510455883756908
931,-0.025079227592181487
905,-0.024356967286859897
1007,-0.02267506824579506
801,-0.021977086784944165
1087,-0.02137840307704488
1089,-0.01821206673535718
1083,-0.01818377316888604
424,-0.017701393459075954
1115,-0.01678399217028841
1453,-0.015860537238868887
560,-0.01559731163481648
583,-0.015246669144506831
2492,-0.01495740127569185
1490,-0.014833050805294646
2179,-0.014750318583969291
768,-0.014523053830720256
555,-0.01403639575679132
853,-0.013841084478719744
2024,-0.013722655083340696
852,-0.013613799145982552
1081,-0.013320949559599704
2283,-0.013246013580755011
218,-0.013165747029505414
1061,-0.013158580773217965
810,-0.01300086695624918
1908,-0.012999996888226572
2282,-0.012845364840116735
672,-0.012835342100803882
907,-0.012759472022988615
1114,-0.012459733801765039
879,-0.012316897248673709
2178,-0.012084822998237588
1117,-0.011919439845712665
431,-0.011591960281564484
2284,-0.01159035770643535
828,-0.011562117346031542
662,-0.011531463584006963
1971,-0.011419522352625177
22,-0.011417499812588439
1179,-0.011412485609639544
425,-0.011251151339984843
1063,-0.011239480239433419
818,-0.011169814777467747
296,-0.010939995086780296
444,-0.010875275297722453
1763,-0.01079728943214513
1803,-0.010749179862790337
1703,-0.010730799448877493
463,-0.010549373302403265
1182,-0.010366633709030858
1335,-0.010024168107406028
2180,-0.009956188857157766
295,-0.009881640694240001
1140,-0.009854927618509502
451,-0.009769320568644702
1078,-0.009568739587899033
359,-0.00949363875941045
2439,-0.009449618964597261
1696,-0.009425953732163839
270,-0.009376024863926923
1751,-0.009346492628666648
641,-0.009290268833663795
80,-0.009270625852397485
1757,-0.009222702685364048
1711,-0.009187122101623979
2493,-0.009185570785794007
902,-0.009172229703639668
1387,-0.00911764389163281
411,-0.009116005242953395
1970,-0.009044709824869468
1191,-0.00903003696017981
1296,-0.008979282986801573
244,-0.008978298539040797
800,-0.008855259088705925
671,-0.008810273037166106
408,-0.008808568692606045
406,-0.00880028961611421
326,-0.00880020025512529
1240,-0.008791466168111484
654,-0.00877834629413612
437,-0.008755396450872154
1866,-0.008727730221838615
389,-0.00872576227884574
1221,-0.008709122703687289
2023,-0.008708864887335643
1502,-0.008679613398552189
556,-0.008643722218974447
1068,-0.008634537805951492
1438,-0.008534352956179214
503,-0.008519607647053817
1238,-0.008419727156632861
398,-0.008252008615985896
82,-0.008196499438748627
58,-0.008183165823493831
1077,-0.008150516780730265
1278,-0.008119057032838883
1243,-0.008108897737158394
385,-0.008100272412906983
1129,-0.00804458136213082
101,-0.008016159396804667
802,-0.007965342615409553
983,-0.007965157865264416
1088,-0.007935613817641362
1441,-0.007905732978304459
1219,-0.007894594357299356
457,-0.007855188685422742
1349,-0.00782178671528162
904,-0.007743636226389716
428,-0.007724013465512103
593,-0.0077019007106368335
1242,-0.007684148764456023
237,-0.0076738627312090465
816,-0.007664634264821402
797,-0.007640482845391894
222,-0.00761362787774722
85,-0.00758208416799806
342,-0.007554330873267468
1340,-0.007523039855952973
1400,-0.00744637258174885
1125,-0.007382405417406845
1347,-0.007323788519851248
399,-0.007249591787800736
957,-0.007244367932907147
1868,-0.00723282792950628
1855,-0.00722078995386557
1232,-0.007163748272344961
290,-0.0071547119609622015
542,-0.007144453190163746
352,-0.007118393316116567
223,-0.007102351068689306
1601,-0.007081257071258262
1185,-0.007071756344639723
2441,-0.007040073672589964
500,-0.007022708914330167
344,-0.007004068155277032
1082,-0.006999130371000551
35,-0.006995088903095725
1134,-0.006977259035016292
387,-0.006953933660089317
645,-0.006908494168054347
1486,-0.006869081627165263
88,-0.00684302801750607
1124,-0.006775789333654502
1500,-0.006724698469017109
763,-0.0066531141346724
1967,-0.0066345487450134135
868,-0.006627830726876738
236,-0.006623506237574928
1439,-0.0066101446713884736
1451,-0.006606302980629275
1705,-0.00659293217300867
452,-0.006583001430354463
70,-0.006567565749747306
920,-0.006560042457568693
138,-0.006550086142370182
1131,-0.00654013367620454
77,-0.0065170186422081056
850,-0.006502689801281036
426,-0.006479954457406167
1065,-0.006465919038684609
795,-0.0064182078886523275
282,-0.006407430700156791
1399,-0.006321058412974301
855,-0.006288779421285584
619,-0.006280908260792551
1073,-0.00625767856047319
129,-0.0062560419194956475
212,-0.006245181265874145
548,-0.00624196946673985
660,-0.006188640696105007
813,-0.006180697354670306
535,-0.006174756402798742
380,-0.006072988543078406
1190,-0.006059903720012949
248,-0.0060046759913700235
410,-0.005994600655228099
1756,-0.005973448716472829
650,-0.005952419860328994
213,-0.005948771367491945
849,-0.005942507606750835
1167,-0.005937195898910152
1647,-0.005923962010575279
1969,-0.005902707344670022
297,-0.005819531071498662
4,-0.005804059615100154
968,-0.0057518282305791145
465,-0.005733933120293066
657,-0.005723145355725467
753,-0.0057225316348399335
975,-0.0056986758544516295
494,-0.0056586544667518
1607,-0.005651717351592778
1864,-0.005649097834883543
92,-0.0056490391372490565
478,-0.005644206682541064
1965,-0.0056321250009938595
499,-0.005613227762291517
2232,-0.005611678387262131
1505,-0.005580785620018114
130,-0.005573605767731538
356,-0.0055505553472013245
1452,-0.005534350189453053
1070,-0.005482422680159349
462,-0.005449315847536518
1437,-0.005444627802144631
2440,-0.0054128092284123856
964,-0.005412766546319725
382,-0.005391007224335586
553,-0.005386634077849228
1440,-0.005357098079870637
1658,-0.005354577613893419
546,-0.0053207785438474705
750,-0.005293330006257912
2175,-0.005283314322923971
2443,-0.005266994977486128
1759,-0.005266385925123807
322,-0.0052497096412385865
1184,-0.00524877629433611
95,-0.005228859710550804
1333,-0.0052022476318167145
1646,-0.005200708343059146
1704,-0.005187240512633595
1084,-0.005185449740613901
1072,-0.005172003148272042
564,-0.005168865276066725
1382,-0.005164938599917424
1380,-0.005158117937981155
1141,-0.005144686878406235
1336,-0.005137974013707547
62,-0.005115378878412935
1856,-0.005001759468566913
867,-0.005000803669588594
243,-0.004995118493856676
1860,-0.004994499797841367
1180,-0.004885755926073409
959,-0.004868848211879939
1861,-0.004860967622974233
57,-0.004859257946133644
978,-0.004825495135943436
1493,-0.004819927623414122
824,-0.004816896345988075
815,-0.004803591117828887
595,-0.0047881566103492364
386,-0.004778745395289041
1188,-0.004750815062464131
225,-0.004749219885385658
459,-0.00473711532426635
460,-0.004732577388264802
829,-0.004727780936918435
1968,-0.004727731662693824
240,-0.004720225009778201
2438,-0.004705105891808126
1139,-0.004692210974155175
112,-0.004691919661497091
860,-0.004685492605848251
1817,-0.004681405233700042
2075,-0.004679561581667002
972,-0.004673860298616717
1811,-0.004660625435012689
447,-0.0046563111979601056
603,-0.004649790763658457
141,-0.004643957253449215
361,-0.0046425563875959865
557,-0.004640134581633903
808,-0.004625283803475266
1379,-0.004614146827027455
84,-0.00457580930816226
1076,-0.004560194796599415
2389,-0.004550802283093481
1388,-0.004545352653675882
483,-0.004534139568363349
1172,-0.004521658613369927
1700,-0.004513585146498711
551,-0.00450824747419083
1062,-0.00450025715920086
159,-0.004473529941637721
1224,-0.004457428624882365
973,-0.004454405016266971
971,-0.004437234187103112
1916,-0.00442204921805116
304,-0.004384182812826154
1762,-0.004360500273784274
502,-0.004340734108866195
1175,-0.0043256731418195304
1346,-0.00432254315274192
1657,-0.004318362934948849
1435,-0.0043170177445309935
862,-0.004313161308663949
689,-0.004295885069695781
109,-0.00429024817826007
505,-0.004286948109249122
1118,-0.004267383524454793
1448,-0.0042650996009184535
302,-0.0042551486414457605
100,-0.004253374207443139
337,-0.004249237694110475
1170,-0.004235988521533107
335,-0.0042341283995852574
1593,-0.0042271026770162035
932,-0.0042041560943093526
288,-0.004202247170421325
443,-0.004193554465340821
742,-0.004168966502287574
906,-0.004150704786263404
75,-0.004145160470535902
1504,-0.004120586003494875
1390,-0.004117309326287888
275,-0.004111233700866634
384,-0.0040792691718756656
922,-0.004063370669977928
646,-0.0040489564985074274
1130,-0.004044625072615204
1328,-0.004042458349440415
1713,-0.0040410373976110135
434,-0.004022787089826618
1914,-0.003991943203636117
647,-0.003971502791608605
348,-0.003964706123132711
504,-0.003941143000170344
878,-0.003934348779604991
1348,-0.003917006622679331
1760,-0.003913362300877266
379,-0.003904859983014486
961,-0.0039040071460496595
1013,-0.0038922402293378065
639,-0.0038514685768058056
864,-0.003789235559536941
318,-0.003768575166009347
2181,-0.0037493627166309993
925,-0.003747781298018937
285,-0.0037469853500532225
1012,-0.0037221290328731003
433,-0.003720175218185062
73,-0.0037142063621520283
1187,-0.0037074979639363016
1802,-0.0037032567369605475
1444,-0.003693832987214085
374,-0.0036931547742020234
1344,-0.0036806170327662534
933,-0.0036803208380415953
1293,-0.003675083465700624
94,-0.003669568195733319
1136,-0.003661029436266494
458,-0.0036529109725988995
538,-0.003645034857140006
760,-0.003635195139598846
1119,-0.0036279815190021656
277,-0.0036241331997906466
6,-0.0036189889325509927
71,-0.0036001713666518054
152,-0.003599670357959761
798,-0.0035914488217244412
477,-0.003569418098769228
1489,-0.003558220774991394
1274,-0.0035447233958009416
292,-0.0035112651587952738
1402,-0.0035104111068837707
89,-0.0034705064719834145
1229,-0.003448664001349977
1432,-0.003432248776110569
1022,-0.003432158395226148
811,-0.0034296548166402817
307,-0.003428594848925126
928,-0.0034209333222627427
1710,-0.0034000784115753024
963,-0.0033992765018042714
1230,-0.003371849268408367
153,-0.0033678667730330236
372,-0.0033678425142033676
1395,-0.0033664089854754664
881,-0.003366015607199335
279,-0.0033635990754376623
568,-0.003350087750139075
1644,-0.003346629812058133
2703,-0.003315615014566076
1815,-0.0033141002829663703
1708,-0.0033138649623576377
238,-0.0032956539407221984
659,-0.0032951913407401447
217,-0.0032767110524666966
571,-0.003255222549993464
1326,-0.0032480378552514288
552,-0.0032479457038425696
2122,-0.003241289740827424
54,-0.0032328694346852593
517,-0.0032254935384856244
1754,-0.003200841314052072
381,-0.0031818219882670195
958,-0.0031783745968735123
226,-0.0031580878127348555
1434,-0.0031571200647407148
269,-0.0031515559631373423
135,-0.003150972212050984
15,-0.0031466277797050244
589,-0.00313126973255331
300,-0.003125724016220399
765,-0.003121332793166909
1707,-0.0031173150222485457
281,-0.0031096984044283182
917,-0.0030783002552369878
327,-0.0030758383164499305
1193,-0.0030433876767841815
430,-0.003033943715762577
1752,-0.003032903148364907
1228,-0.0030233609357211756
378,-0.0030178765152806264
74,-0.00300053489338441
969,-0.002988916901379213
291,-0.002986017660696838
916,-0.002981986314306573
249,-0.0029714603694468876
1010,-0.002959725240494082
72,-0.0029491710741047505
1135,-0.002918970549858546
309,-0.0029086674972377048
550,-0.002907919737215314
299,-0.0029036551112217703
60,-0.0028973683815434635
255,-0.002894278684954177
872,-0.0028905958829125835
1765,-0.0028855998385727945
404,-0.002884361256686496
371,-0.0028730055669182963
1918,-0.0028682521832275485
234,-0.00285904272830515
21,-0.002834916383024577
869,-0.002834409916763736
383,-0.002816221051045087
919,-0.002797501864202001
137,-0.00279128358224674
1596,-0.0027910003574007636
1431,-0.0027891927457825982
134,-0.002774315339556699
340,-0.002758874723498739
1236,-0.0027493254890116336
1488,-0.0027327267039068738
1445,-0.002732282951944409
2124,-0.0027101733802477935
278,-0.002705915527434222
1758,-0.0026896825009002255
814,-0.0026806424117154838
454,-0.0026615935747378748
2491,-0.0026498363411650238
1378,-0.002647545713085453
402,-0.0026397756758710146
764,-0.002610866206718532
600,-0.0026001727265397624
274,-0.0025955831632686445
912,-0.0025792414791003804
1648,-0.0025691120431805105
1857,-0.002551183518227651
910,-0.0025462371404633365
926,-0.002509936726733608
2335,-0.002501387409175404
436,-0.0024870186367022206
265,-0.0024798235702857773
979,-0.002474323592140504
246,-0.002471806846045732
2014,-0.0024659936098163637
909,-0.0024589566502968285
1297,-0.0024568205351477523
2126,-0.0024484505529037913
1233,-0.002438309827921925
48,-0.002436901065949515
50,-0.00243321466790043
252,-0.002431545491990361
1032,-0.002424201348974764
2129,-0.0024224722882113083
287,-0.0024204491661139914
13,-0.002417044848807359
1330,-0.0024106153672318166
267,-0.0024058814890347336
1495,-0.0024036291835364044
1341,-0.002384032020196969
1245,-0.002378171289836528
915,-0.0023764468539378748
205,-0.002376441573370691
216,-0.002363647214138309
541,-0.002361492310910629
540,-0.0023603331145880093
1750,-0.0023547873395157294
1231,-0.0023486712443453682
53,-0.0023452881268017033
2337,-0.0023245745170597408
1804,-0.0023235515954929562
545,-0.002301477105444505
831,-0.002299886983135613
985,-0.002298202465932686
821,-0.0022909817993773452
336,-0.002277355013453075
30,-0.002267337342696907
435,-0.002262543930059646
485,-0.002258136705299485
918,-0.002255751151472918
1234,-0.0022525744866652266
446,-0.0022512041528900627
880,-0.0022504684839130817
1497,-0.0022487381702740892
1858,-0.0022441198142838736
930,-0.0022271805765867736
148,-0.0022208238281767657
1133,-0.0022180892557103426
1921,-0.0022113514396759903
1282,-0.0022107773845917666
96,-0.0022083561892676682
355,-0.0021910783128515467
602,-0.0021890074439609554
448,-0.0021407505270636396
1806,-0.002136729974454088
1030,-0.002126781606819739
1279,-0.0021165308078099354
1389,-0.0021046716568446032
45,-0.0020948860661275325
2230,-0.002063601222796807
1913,-0.002060850387893298
723,-0.0020493265064004617
498,-0.0020310988280630047
245,-0.002025782489012995
1964,-0.0020226880777776566
59,-0.0019844781745429695
566,-0.0019750092043475664
1023,-0.0019710298265589897
966,-0.001969866287069788
772,-0.001966011245932009
1609,-0.0019636000029287447
394,-0.0019519923847794106
2333,-0.001948270012969644
636,-0.0019470600633595847
1697,-0.0019454474048656411
956,-0.001936414807307152
1351,-0.0019341851433317902
1809,-0.0019338735833980714
514,-0.0019263436715912796
913,-0.0019261744490890464
1169,-0.001922395033775981
587,-0.0018828005953261506
875,-0.0018728542402903336
1327,-0.0018616346101808733
751,-0.0018613808330838477
547,-0.0018592110409823448
1814,-0.0018578749291647601
229,-0.0018533890534807806
1598,-0.001847213810920989
187,-0.0018467159905327878
136,-0.001830312165663006
329,-0.0018084974955578036
126,-0.0018079246406866646
746,-0.0018040706958418972
1025,-0.0018011748557640761
231,-0.0017968941367440205
1706,-0.001792883983917548
826,-0.0017867067361848842
611,-0.001785659043884058
1067,-0.001779096940063285
1487,-0.0017708792976110388
439,-0.001749648823233807
2385,-0.0017465720537604313
1649,-0.0017462618863882452
481,-0.0017450028425428422
1226,-0.0017404333682442096
543,-0.001721900016180733
98,-0.001715095787843568
970,-0.0017044694517565518
805,-0.0016953931252297494
333,-0.0016944294503611346
877,-0.0016877749546511112
1699,-0.0016820777453034452
506,-0.0016814290601797842
1171,-0.0016781577106077528
1071,-0.0016752509006512373
616,-0.0016726264558163174
1401,-0.0016651698119856562
220,-0.0016608341271631577
1436,-0.0016378374640494187
449,-0.00163026385449081
345,-0.00162071527872083
569,-0.0016182937990108837
453,-0.0016117042712374906
851,-0.0016110729008650625
455,-0.0016021088926139627
1035,-0.0015859180940878126
36,-0.0015818296076707482
2072,-0.001579753567162534
1863,-0.0015765712206102568
2598,-0.0015755442864108903
1009,-0.0015720507245928327
1393,-0.0015597835757441114
1966,-0.0015505336560947657
432,-0.0015479741497953724
1394,-0.0015011568254740925
403,-0.0015005512380473983
1546,-0.0014952162147930715
56,-0.001486043046877672
856,-0.0014860211881174035
1345,-0.001450793836128117
298,-0.0014486193484251064
1019,-0.00144577610139911
668,-0.0014452076418607796
1331,-0.001440051703814804
1016,-0.0014357914656653481
615,-0.0014317603497931764
2027,-0.0014260206407036957
610,-0.0014255346837910743
294,-0.0014218968576963586
1753,-0.0014205439154914234
123,-0.0014185391790238811
711,-0.0014130350623339448
1037,-0.0014108765915898935
511,-0.0014084718690934306
124,-0.0014069934344561829
2387,-0.0014043986028482002
1177,-0.0013811155837836874
1447,-0.0013803443431500638
858,-0.0013659852894432056
413,-0.001364026529307827
914,-0.0013635835525591222
182,-0.001360632948216267
2390,-0.0013366676105857512
69,-0.0013257407769499351
175,-0.0013247868520208429
1292,-0.0013241326679177766
1325,-0.001321936765003473
656,-0.0013141940695693855
2334,-0.0013072223590063104
440,-0.0012831560618606908
350,-0.0012751029084140165
554,-0.001270106074356603
865,-0.0012587863678405586
1396,-0.001254222693240159
1551,-0.001247460234250175
1909,-0.0012461473460942951
1812,-0.0012441905351225468
19,-0.0012348461293651524
653,-0.0012336611260174823
1276,-0.0012182582253938978
715,-0.0012170953850051624
487,-0.0012132830714368659
761,-0.0012118081479927767
1384,-0.0012082708880043925
180,-0.001201406269403993
612,-0.0011906978652234113
1343,-0.00118512307385088
661,-0.0011822805197818642
293,-0.0011779206817684519
464,-0.0011701296656467797
537,-0.0011651204224777168
621,-0.001164114461673238
532,-0.0011632069150289582
131,-0.0011453573210343127
590,-0.00114044045002224
480,-0.0011335301253193818
658,-0.0011323943001514624
759,-0.0011295243412158484
719,-0.0011183357470778254
613,-0.0011151443825032192
2285,-0.001109625519085844
1702,-0.0011092592495050458
397,-0.0011070044110875088
1973,-0.0010950638522817969
1011,-0.0010942013357621682
284,-0.0010889327724938446
755,-0.0010860014743072188
696,-0.0010846806563407974
534,-0.001080236521623945
99,-0.0010711382022360993
1075,-0.0010675219219550502
1225,-0.0010664743956310119
164,-0.0010507533514295896
1284,-0.0010420987743965603
1017,-0.0010416303117219083
1859,-0.0010318599970020159
2545,-0.0010211843335355742
119,-0.001019965921368815
809,-0.0010133260000234402
608,-0.001009618383804156
806,-0.0010082700899330277
2286,-0.0009968818078881282
1138,-0.0009938962689205245
501,-0.000990424366607412
232,-0.0009845788625534092
1246,-0.0009828263912821545
66,-0.0009796013108816838
1549,-0.0009734857046102885
1485,-0.0009721926301689443
2071,-0.000971536235029502
871,-0.0009598854573824144
697,-0.0009588495925103135
1275,-0.0009578820856269932
64,-0.0009575969270037898
1553,-0.0009564659871329262
1038,-0.0009552991291751134
1539,-0.0009528181194641938
456,-0.0009526838330219167
822,-0.0009447939704784414
1244,-0.0009441741884989252
812,-0.000942519470601777
2015,-0.0009153410801208128
400,-0.0009109388839647181
227,-0.0009076819443720741
1557,-0.0009031167441234444
1126,-0.0008966186740757554
488,-0.0008898397746716302
1962,-0.0008848679011356442
987,-0.0008778592122887563
289,-0.0008606033056535178
1655,-0.0008587642691034958
271,-0.000858669293314529
960,-0.0008572183129141653
817,-0.0008566025392438448
955,-0.0008525783068230375
861,-0.0008512505582148222
748,-0.0008471844801511974
228,-0.0008450755277964906
32,-0.000830754094337971
1659,-0.0008217750869788709
675,-0.0008215810506549736
189,-0.0008200562032293579
695,-0.0008021088063978165
1443,-0.0007892216829513022
93,-0.0007806504000516413
1454,-0.0007764839473538565
929,-0.0007740320090198427
1018,-0.000770936847476511
1290,-0.000770549003288723
1554,-0.0007700963738982214
87,-0.0007699447693673367
65,-0.0007558033708688683
1592,-0.0007488833413427986
1220,-0.000746351817474622
2026,-0.0007413085535156405
1288,-0.0007377969035390119
2074,-0.000731627630217524
1091,-0.0007166938848160775
1189,-0.000712743097539148
68,-0.0007062260578509338
184,-0.0007057661174513896
1142,-0.0007027726715693294
882,-0.000700713972278999
2336,-0.0006979572062057127
699,-0.0006956486030821552
1350,-0.0006911086095980678
1020,-0.0006854576507290489
203,-0.0006792617726822491
233,-0.000673413937576095
752,-0.0006719393141112473
1552,-0.000670287826757976
1643,-0.000669579009805732
179,-0.0006629427371316777
493,-0.00065998427795253
663,-0.0006585201015243403
1869,-0.0006532904675622842
1281,-0.0006497325385804942
530,-0.0006486377158319012
673,-0.0006461012511462805
1027,-0.0006431676726697422
497,-0.0006414658730208966
2338,-0.0006386690492234948
921,-0.0006297673108991653
149,-0.0006152093930487989
310,-0.0006096240042803736
1915,-0.0006078147582860183
585,-0.0005989256992468217
559,-0.0005945709933082189
198,-0.0005874441164154476
584,-0.0005861127266310273
81,-0.0005703314608042742
1031,-0.0005700886804265615
825,-0.0005676522071778045
703,-0.0005635238473371107
1069,-0.0005596445852477317
2495,-0.0005594047228802523
2287,-0.0005575458181275473
819,-0.0005569318993156269
747,-0.0005560236664765128
830,-0.0005549751769764022
1026,-0.000546347793308577
39,-0.0005458780013167352
305,-0.0005411039966057186
67,-0.0005310492853887183
1548,-0.00052732267433373
1121,-0.0005265936141366723
1039,-0.0005243880326021522
90,-0.0005235363933536519
618,-0.0005154300865280348
492,-0.0005137059370683872
1594,-0.0005071814647505058
807,-0.0005044676775305401
341,-0.0005042182327943845
308,-0.0004959087859889522
442,-0.00048808142816665346
467,-0.0004832112071447625
1080,-0.0004821123669156879
414,-0.00048193449388103107
693,-0.00048175233890308534
445,-0.0004771761216232573
509,-0.00047235374946210664
1338,-0.0004712375812963465
2025,-0.0004693878272592489
965,-0.0004660760525916352
241,-0.00045475805916392884
2,-0.0004540652065569528
2234,-0.00044733406838686206
1766,-0.0004424418000239516
1120,-0.0004365426882050105
24,-0.0004352905807567975
461,-0.00043448216583139574
1433,-0.00043081399752082917
1137,-0.00042917927795969033
2130,-0.0004290186370183857
722,-0.0004245230056520999
1749,-0.00042338688084258
170,-0.00041760225178597563
1550,-0.00041639457554052404
1241,-0.00041331405259446006
507,-0.0004107745756411152
1143,-0.00041065128939341553
601,-0.0004090059126118373
1391,-0.0004085998733164509
1029,-0.0004074528187321125
339,-0.00040676842385707347
268,-0.0004023431309042369
609,-0.0004019250451451573
717,-0.00039595656796427293
669,-0.0003914227251554436
495,-0.00039091597497544763
1912,-0.00039059800510332643
363,-0.00038780077939373216
986,-0.0003858303513782246
1805,-0.000384152059550269
903,-0.0003738519906530513
2177,-0.0003729330894895799
2077,-0.00036841021420137566
11,-0.0003633982882961462
775,-0.00035815730164894254
150,-0.00035756397899895377
2183,-0.0003528127235557399
1294,-0.00035148556668387345
1537,-0.00034908731565512773
1555,-0.00034806224113177465
353,-0.00034325098465255445
1385,-0.0003418367062190342
642,-0.0003382883136556103
876,-0.0003320586125608926
5,-0.00032895654228295437
705,-0.0003285570065804766
61,-0.0003240306801083559
605,-0.00032086314503616543
638,-0.00030927381074441485
599,-0.00029873961206279277
758,-0.00028820653821832743
674,-0.00028276545754062353
1235,-0.00027888807659182113
155,-0.0002755454820520864
438,-0.0002695953789202399
1501,-0.000247460028898594
319,-0.0002451308650808226
1397,-0.00023888821899684665
1122,-0.00023388339087055955
777,-0.00022581863525670265
1285,-0.00021987786587893688
848,-0.00021700216272497742
200,-0.0002116106662833239
935,-0.00021052804700132376
163,-0.00021045574933422628
183,-0.00021029839217421298
1600,-0.00020705098418547508
934,-0.0002051873624757228
2281,-0.00020374581081514798
2073,-0.00020067203577909254
388,-0.00019406096306204824
91,-0.00019052136588717516
1116,-0.00018602290912426156
76,-0.00018521493011252054
651,-0.00018471093937484363
128,-0.0001827946451180562
102,-0.00018227762890865584
1295,-0.00017553925740649846
161,-0.00017455661373984023
1870,-0.00016565673194111064
196,-0.0001645293886245014
1541,-0.0001642808676887153
393,-0.00016265596209481538
133,-0.00015262762246495142
2121,-0.0001467885734284913
757,-0.00014353830690811976
1090,-0.00013440244609448372
767,-0.00012919589605120407
108,-0.0001284849745553096
519,-0.00012192137128770319
2442,-0.00012112159360482267
2226,-0.00010785783211404442
338,-0.00010746373553240928
1024,-9.440690851625355e-05
2069,-9.072709620623342e-05
25,-9.065815948736678e-05
799,-8.693011584948174e-05
9,-8.670330753659527e-05
544,-8.543221238750398e-05
704,-8.146731424627519e-05
331,-8.016616132011656e-05
2021,-7.258696896257355e-05
923,-5.765977935383582e-05
1291,-5.722328471584604e-05
28,-5.05094208750112e-05
466,-4.664121161055412e-05
1283,-4.609598453404473e-05
174,-4.306767995521099e-05
1662,-4.238787730352911e-05
1911,-3.702354207515413e-05
637,-3.49107158490014e-05
617,-2.9837713684965905e-05
1286,-2.5403391711575906e-05
83,-2.5207344892219653e-05
727,-2.351035689032166e-05
702,-1.9857913296528197e-05
1543,-1.9330433556641326e-05
823,-1.8296687753904807e-05
1506,-1.2436857121489453e-05
1289,-4.5550718523745815e-06
643,-3.317158858129332e-06
1653,6.098357832673429e-06
1381,1.2364358365823946e-05
769,1.6781972043622417e-05
2339,1.8570692909447573e-05
1329,2.9607748684945535e-05
311,2.99707167088048e-05
1450,3.818878022090466e-05
1332,4.5435723335884856e-05
321,5.379053616398899e-05
908,5.5604896287508863e-05
376,5.5992807199345405e-05
235,6.457627912386244e-05
51,8.214451024208813e-05
778,8.513943264105705e-05
2280,8.776322762087397e-05
1064,8.960078497937119e-05
107,9.05477260048304e-05
204,0.00010020843071072427
820,0.00010144340495852334
1028,0.00010465863642590278
2182,0.00011198550953639419
549,0.00011346185838143619
714,0.00011453764558573276
804,0.00011774690310661917
286,0.00011999309003489778
46,0.00012186179293358635
197,0.00012234499208929606
78,0.0001267618969106099
192,0.000128681366143768
405,0.0001316038313166512
1273,0.00013830316691918477
332,0.00013921096441444903
1542,0.0001396963165252174
207,0.00014528486802909413
664,0.00015135325793482756
2016,0.0001539750340317614
360,0.00015428143246754011
1128,0.0001633962014680801
982,0.00017224033124514372
202,0.00017786053149886348
2494,0.00018790891129127907
707,0.00019843589448478304
201,0.00020281694617740875
726,0.00020329538743562025
172,0.0002037519488756523
691,0.0002042450969541587
2391,0.0002043951423857493
623,0.00021055749150860058
1287,0.00021298046922817447
358,0.0002132360974870462
911,0.0002222416522049464
725,0.00022616244947033516
215,0.00022700049433783677
177,0.00022899307688031278
120,0.0002366259311024521
110,0.00024087476592526968
2017,0.0002442108398295062
721,0.0002504821914348643
1818,0.000254849386780176
324,0.00025819895042946686
1764,0.0002641193001078346
191,0.0002698983712058567
253,0.0002771466181725302
395,0.0002805073434788419
1755,0.00028101132095534884
1014,0.00028816467722871943
1810,0.00029412781394442253
1079,0.00029754469047351686
127,0.0003068985629788745
648,0.00031976427220987703
1816,0.0003210757738207448
1922,0.000335628329945159
1,0.0003357212262246723
195,0.00033786350778663987
2651,0.00035592652468543486
251,0.00035970220922432183
27,0.0003597439061153729
518,0.00036884158776286926
412,0.00037762943946280104
1865,0.0003792612790149086
927,0.00037983374864074547
2231,0.00038352841250000047
622,0.00039248291958240424
199,0.0003951308405421461
1545,0.0004003074122426842
655,0.0004075496172921245
330,0.00041406394740666207
716,0.00041972145389670425
2597,0.00041994841713903773
2078,0.00042043045986628336
392,0.000427647884427973
362,0.000431225549297265
1709,0.0004342800222642218
1813,0.0004518589782548599
1194,0.0004529825261302189
1604,0.0004633699982543593
181,0.00046851469583479853
976,0.0004719560576549764
1605,0.00047314678498247
29,0.00047760573702788635
320,0.00047975948035650084
390,0.0004932036982121968
1556,0.0004991221690694658
539,0.0004995287596138098
1871,0.0005027952655541678
171,0.0005128314662326882
347,0.0005266378900749214
516,0.000543475824520856
165,0.0005553489422012615
1910,0.0005558238244149028
1123,0.0005610052339040106
700,0.0005733190504777052
1917,0.0005736696898032356
596,0.0005957123741336723
194,0.0005960918135341498
1499,0.0005976590342084975
2068,0.0005983078562886047
154,0.0005997431924268159
1066,0.0006004553540042146
567,0.0006108089213989309
743,0.0006157279220648348
570,0.0006248684994711873
111,0.0006290529424609837
1173,0.000636994514596978
176,0.0006436548395548858
55,0.0006537543556483172
1544,0.0006601485274072338
766,0.0006771249011162883
1398,0.000677581831652363
247,0.0006776402218136468
1383,0.0006841824823296428
2279,0.0006975080848028448
491,0.0007339647675570938
401,0.0007387713686165754
598,0.000750709635907576
47,0.0008481609608205875
173,0.0008492164849172479
441,0.0008781100817067955
586,0.0008948732503696099
984,0.0009252018450611743
1590,0.0009295600056967946
981,0.0009329397455197785
1223,0.0009545038186036692
513,0.0009545748038429558
1645,0.0009743732925575621
1547,0.000987444873681964
1299,0.0009893227063902277
1660,0.0009992844333325036
484,0.0010270020306077043
1698,0.0010551853154630475
166,0.001075975936888396
1494,0.001096978434779894
276,0.001112932326749938
1652,0.00111951349487307
214,0.0011498822203649616
2125,0.0011652847552724665
1862,0.0011675611900193062
190,0.0011731355827034663
597,0.0011757188363299865
708,0.0011862932567710872
1610,0.001192041778419206
1602,0.001193893432112425
63,0.0011994734248868433
224,0.0012189499878946463
1174,0.0012192449044651
373,0.0012217061245195725
774,0.0012254107161655092
86,0.0012358096747731029
694,0.0012385807375696611
606,0.001239720456538862
779,0.0012564540436169835
1036,0.0012976249053108456
773,0.0013156014003606665
1656,0.001324690688686081
256,0.0013382860952089182
357,0.0013640445017940816
2128,0.0013792338592700127
349,0.0013816429576038569
562,0.0013882701314397838
377,0.0014082034791728759
193,0.0014302166656911196
122,0.001446596565046887
1192,0.0014529608750127655
531,0.0014546689947067648
396,0.0014743610023907117
17,0.0014776572615886163
143,0.0014812954766604048
273,0.0014822759814470566
42,0.0014889756766232499
901,0.0014939502013823435
512,0.0014953990472066359
3,0.0015027813759510345
1247,0.0015106664770368373
591,0.0015244288132512552
257,0.0015322197879836352
565,0.0015429907369886476
592,0.0015530073117446808
866,0.0015545578783883406
1919,0.0015645216009221752
427,0.0015678577380112912
106,0.0015782464521773675
1021,0.0015994586884056083
1386,0.0016113246211272082
690,0.0016194074836555217
1492,0.001621792772873265
115,0.0016274258963673738
859,0.0016554601206895114
1498,0.0016620692083558542
2229,0.0016681317278131047
1342,0.001674678708343791
713,0.0016814230459413436
1651,0.0016865055192667455
1920,0.001687468179683327
375,0.0016914961160811258
37,0.0016923609438534103
20,0.0016924752413490563
1807,0.0016924752794746922
306,0.00169665991045731
1186,0.0017135260973604627
407,0.0017226247321493026
1608,0.0017313757072413782
351,0.0017376326734221514
1127,0.001737809222557507
1606,0.0017410179788623025
770,0.001794112797329861
1559,0.0017956288699894074
334,0.0018033655794949866
169,0.0018268278395424443
1650,0.0018716906891131924
2235,0.001876576700393695
561,0.0019153421118466517
720,0.001915737235160453
79,0.001929716870663878
97,0.001970800707440823
1166,0.0019924609232598645
776,0.0019996655717223534
121,0.002007663774069801
536,0.0020319690135759405
1222,0.0020530215881968683
239,0.002069539364548234
796,0.0020842029057359657
2131,0.0020862314777616575
325,0.0020917668828536852
709,0.002092071078163027
649,0.002106160580010785
272,0.002118218844596731
482,0.0021435516893372865
2388,0.002154506341465412
283,0.00215722861184795
391,0.002170983484860711
259,0.002180285154870942
1181,0.0021810024346380795
2022,0.0022469416483533065
1661,0.002268475089209687
1538,0.002272855276809782
1446,0.00229616822363532
1442,0.002306096424901094
508,0.002326247277643878
1060,0.0023551869437570703
604,0.0023824784701859335
415,0.0023861071124575695
140,0.002390797342571682
2228,0.002411888187559308
1178,0.0024143327838809015
1334,0.0024496212016351217
1339,0.00247438236633557
1767,0.0024995510716368406
2067,0.0025477675680806388
242,0.0025779254555821306
510,0.002586554378013739
1337,0.0025881643138648603
724,0.0026249535393477073
31,0.0026328149776477794
103,0.0026556404878335994
280,0.0026645337893126176
354,0.0026896016666168253
745,0.0026921178947660884
254,0.002694911662319477
1972,0.002722042883357556
2123,0.0027296461997654564
666,0.0027529897392104983
1272,0.0028288737453438183
563,0.002853732590091651
1712,0.002920422696176983
343,0.0029803630685700357
640,0.0030478141749446853
558,0.0030563514322708317
1603,0.0030617909259447627
1227,0.0030800721457936663
974,0.0031054844814937255
652,0.003109076445277292
49,0.003109798376359896
954,0.0031199379197977884
2070,0.003141023425521716
710,0.0031506813071354943
614,0.0031524092705614406
2599,0.0032269360659814782
1503,0.003234333474973994
2120,0.0033074723851401534
883,0.0033149014352150453
962,0.0033438084284220793
701,0.0033581921957566594
146,0.003400964005515039
967,0.0034542348057543305
744,0.003458415595291253
1761,0.0034778225120263963
1591,0.0034798479148940853
2019,0.0035535374475270222
486,0.0035717136954332316
1867,0.003624791544084083
186,0.0036439310587097484
1298,0.003672489879291563
10,0.0036757099746696385
1176,0.0037121682284673605
620,0.0037491648696883926
1540,0.003754375115892117
490,0.003780740393273696
34,0.003785543690755189
874,0.0038031957696420537
803,0.0039079700810558116
718,0.003920995602963684
117,0.003958020264258488
168,0.003968700845314333
692,0.003973400558680984
44,0.004000480937651041
1507,0.004023527063925147
2650,0.0040465998206788535
328,0.0041092624152167636
756,0.004161087869304891
2233,0.004175622323377981
754,0.004255355189255949
1701,0.004285290937117337
33,0.004286249897706896
1595,0.004286989539546271
151,0.004311724125920957
1074,0.004316133371493258
301,0.004326225049895172
1961,0.004331589009695325
1015,0.0043628474966662
515,0.004374088399169818
147,0.004445383125304225
144,0.004486030613351177
980,0.004579784581701718
303,0.004609589811655601
857,0.004657822276908918
1808,0.004673573286770027
139,0.0046957694405937115
2332,0.004757811180610627
142,0.0047636528263747206
2227,0.004791351940404009
2176,0.004810455320315388
762,0.0048304758600043575
185,0.0048401360976281
670,0.004845699531650416
2020,0.004862463029812858
588,0.0048635981468278635
2544,0.004948251759239719
924,0.004948928981880751
26,0.004972745293796921
706,0.005021476150763382
429,0.005029869361068995
323,0.005077618763680514
1392,0.005111553103880428
113,0.005194158696784479
14,0.005267267779000573
145,0.005330546974064631
607,0.005407016074986837
1195,0.0054412267378250775
1484,0.0054985011617187055
771,0.005533195722261785
1237,0.005574784569080604
450,0.00560087168369181
870,0.005619230536658026
43,0.005685882564647882
7,0.005693412393821262
489,0.005752206267857085
16,0.005770006324687227
221,0.005795146648852523
1085,0.005802108686665619
346,0.005876812142721377
1008,0.005915680399779433
1239,0.0060083041287300794
1034,0.006085556945741777
1963,0.006092955227229568
749,0.006130595322755594
116,0.00621294856032657
665,0.006230836195493694
1280,0.006239878267347576
1599,0.006248835914867445
1819,0.006271136045161674
1168,0.006273483651121925
40,0.006298230137105065
125,0.006320934781756149
2386,0.006353853920545794
258,0.006354273492162843
12,0.006519978241818691
698,0.006538855586556069
644,0.006548629057208322
1558,0.006583974275550952
2127,0.006623969167285582
496,0.0066551181712845246
219,0.006679769603021146
0,0.006684539011670721
863,0.006803638835616921
38,0.006863605034180065
977,0.007022654913552984
1449,0.007081714058671506
1277,0.0071471506649452895
250,0.007284213364040548
1496,0.007329686651242273
2173,0.007482577116480682
1923,0.007687753006454479
409,0.0077727156148754695
667,0.0077966592659955754
8,0.007816726247944227
479,0.007858719292364747
1597,0.00787109754291584
1654,0.00788879425364466
1974,0.007902670026728176
162,0.00795140211991301
41,0.008141575720947225
2546,0.008173172448323163
206,0.00817691960713569
23,0.008295137185307411
854,0.008371953451561786
712,0.008792198286294984
230,0.00882827409062652
18,0.009070484887793873
1183,0.009106973749067705
1663,0.009153729001884247
2076,0.009381458014532117
1491,0.009596611189786275
1714,0.009609784192593018
266,0.009807319442424989
2079,0.009890959395083465
160,0.009975911508252588
1455,0.010034727660551601
118,0.010283874296492935
873,0.010584036582694268
1086,0.010633001151624554
594,0.01101106354828687
1132,0.011150125286902268
132,0.011307259918700564
114,0.011424651650696883
1403,0.011484832899179055
533,0.012521055210909937
1113,0.01283682232571821
167,0.013209039012332191
1611,0.016490296935750992
2174,0.01668956407523452
178,0.01727649030801386
1715,0.018281653036830027
1033,0.01830926687354024
2018,0.02018075005536968
1975,0.021620915654317008
2547,0.025273585356455984
188,0.029283350785839747
